<?xml version='1.0' encoding='UTF-8' standalone='yes'?>
<WORKSPACE>
 <FRAME activewindow="0">
  <PLACEMENT>2c0000000200000003000000ffffffffffffffffffffffffffffffff19020000120000001a06000008040000</PLACEMENT>
  <WINDOW type="default" module="ISIS">
   <editor metric="0" gridmajor="2540000" mode="00000001" zoom="-1" scale="125" flipped="0" gridminor="254000" gridmode="32" snapidx="2" snap="254000" xcursor="0" orgmode="0" snaprange="127000">
    <world y1="-8890000" x1="-12700000" y2="8890000" x2="12700000"/>
    <centre x="-10160" y="0"/>
    <origin x="0" y="0"/>
   </editor>
  </WINDOW>
 </FRAME>
 <MODULE name="ARES">
  <editor metric="0" gridmajor="0" mode="00000000" zoom="10" scale="10" flipped="0" gridminor="0" gridmode="32" snapidx="3" snap="0" xcursor="0" orgmode="0" snaprange="0">
   <world y1="-12700000" x1="-15240000" y2="12700000" x2="15240000"/>
   <centre x="0" y="0"/>
   <origin x="0" y="0"/>
  </editor>
 </MODULE>
 <MODULE name="ISIS">
  <editor metric="0" gridmajor="2540000" mode="00000001" zoom="-1" scale="125" flipped="0" gridminor="254000" gridmode="32" snapidx="2" snap="254000" xcursor="0" orgmode="0" snaprange="127000">
   <world y1="-8890000" x1="-12700000" y2="8890000" x2="12700000"/>
   <centre x="-10160" y="0"/>
   <origin x="0" y="0"/>
  </editor>
 </MODULE>
 <MODULE name="VSMDEBUG">
  <PWI>
   <POPUP w="800" x="755" flags="00000002" y="165" h="200" pid="0" iid="-1">
    <PROPERTIES>
     <ITEM name="Message Column Width">663</ITEM>
     <ITEM name="ShowGrid">No</ITEM>
     <ITEM name="Source Column Width">100</ITEM>
     <ITEM name="Version">100</ITEM>
    </PROPERTIES>
   </POPUP>
   <POPUP w="350" x="1018" flags="00000032" y="185" h="200" pid="1" iid="-1">
    <PROPERTIES>
     <ITEM name="Address Column Width">83</ITEM>
     <ITEM name="AutoResize">No</ITEM>
     <ITEM name="Gridlines">Yes</ITEM>
     <ITEM name="Name Column Width">83</ITEM>
     <ITEM name="ShowAddresses">Yes</ITEM>
     <ITEM name="ShowPreviousValues">No</ITEM>
     <ITEM name="ShowTypes">No</ITEM>
     <ITEM name="ShowWatchPoint">Yes</ITEM>
     <ITEM name="TriggerMode">0</ITEM>
     <ITEM name="Value Column Width">83</ITEM>
     <ITEM name="Version">100</ITEM>
     <ITEM name="Watch Expression Column Width">83</ITEM>
     <ITEM name="nItems">0</ITEM>
    </PROPERTIES>
   </POPUP>
   <POPUP w="30" x="1038" flags="00000008" y="205" h="16" pid="3" iid="1">
    <PROPERTIES/>
   </POPUP>
   <POPUP w="8" x="927" flags="0000000a" y="183" h="1" pid="10" iid="1">
    <PROPERTIES>
     <ITEM name="DataType">2</ITEM>
     <ITEM name="DispChars">Yes</ITEM>
     <ITEM name="DispFormat">2</ITEM>
     <ITEM name="ShowChanges">Yes</ITEM>
     <ITEM name="ShowToolTips">Yes</ITEM>
     <ITEM name="TopLineAddress">00000000</ITEM>
    </PROPERTIES>
   </POPUP>
   <POPUP w="8" x="947" flags="0000000a" y="203" h="32" pid="6" iid="1">
    <PROPERTIES>
     <ITEM name="DataType">2</ITEM>
     <ITEM name="DispChars">Yes</ITEM>
     <ITEM name="DispFormat">2</ITEM>
     <ITEM name="ShowChanges">Yes</ITEM>
     <ITEM name="ShowToolTips">Yes</ITEM>
     <ITEM name="TopLineAddress">00000000</ITEM>
    </PROPERTIES>
   </POPUP>
   <POPUP w="16" x="967" flags="0000000a" y="223" h="32" pid="7" iid="1">
    <PROPERTIES>
     <ITEM name="DataType">2</ITEM>
     <ITEM name="DispChars">Yes</ITEM>
     <ITEM name="DispFormat">2</ITEM>
     <ITEM name="ShowChanges">Yes</ITEM>
     <ITEM name="ShowToolTips">Yes</ITEM>
     <ITEM name="TopLineAddress">00000000</ITEM>
    </PROPERTIES>
   </POPUP>
   <POPUP w="16" x="987" flags="00000000" y="243" h="32" pid="14" iid="1">
    <PROPERTIES>
     <ITEM name="DataType">2</ITEM>
     <ITEM name="DispChars">Yes</ITEM>
     <ITEM name="DispFormat">2</ITEM>
     <ITEM name="ShowChanges">Yes</ITEM>
     <ITEM name="ShowToolTips">Yes</ITEM>
     <ITEM name="TopLineAddress">00000000</ITEM>
    </PROPERTIES>
   </POPUP>
   <POPUP w="16" x="1007" flags="0000000a" y="263" h="32" pid="4" iid="1">
    <PROPERTIES>
     <ITEM name="DataType">2</ITEM>
     <ITEM name="DispChars">Yes</ITEM>
     <ITEM name="DispFormat">2</ITEM>
     <ITEM name="ShowChanges">Yes</ITEM>
     <ITEM name="ShowToolTips">Yes</ITEM>
     <ITEM name="TopLineAddress">00000060</ITEM>
    </PROPERTIES>
   </POPUP>
   <POPUP w="16" x="1027" flags="0000000a" y="283" h="8" pid="13" iid="1">
    <PROPERTIES>
     <ITEM name="DataType">2</ITEM>
     <ITEM name="DispChars">Yes</ITEM>
     <ITEM name="DispFormat">2</ITEM>
     <ITEM name="ShowChanges">Yes</ITEM>
     <ITEM name="ShowToolTips">Yes</ITEM>
     <ITEM name="TopLineAddress">00000020</ITEM>
    </PROPERTIES>
   </POPUP>
  </PWI>
 </MODULE>
</WORKSPACE>
